OBJECT,MAX_TIMESTAMP
posm_contracts,2024-05-28 12:05:24
private_order,2022-05-05 02:39:06
tiers,2024-05-28 10:34:15
visits,2024-05-28 12:05:10
loyalty_accounts,2024-05-28 11:56:36
prices_conditions,2024-05-28 04:26:45
sales_orders,2024-05-28 11:55:42
comptes_rendus_pec,2024-05-28 09:01:37
employees,2024-05-28 02:17:31
loyalty_point_movements,2024-05-28 12:05:30
sales,2024-05-28 10:53:47
email_results,2022-10-05 13:30:41
business_partners,2024-05-28 10:55:03
echantillons,2024-05-28 11:56:21
results,2024-05-28 12:11:17
avancements_mec,2024-05-28 12:05:59
goods_movements,2024-05-28 11:59:52
loyalty_offers,2024-03-11 16:20:21
cases,2024-05-28 11:25:06
contacts,2024-05-28 12:11:30
products,2024-05-28 12:04:45
contracts,2024-05-28 10:35:04
oaders,2022-06-20 08:55:30
deliveries,2024-02-29 14:08:58
returns,2024-05-28 12:10:34
inventaires,2024-05-28 12:07:23
achats_echantillons,2024-05-28 11:55:08
optouts,2024-05-28 11:25:43
loyalty_maxxing_offers,2024-03-11 16:19:24
comptes_rendus_mec,2024-05-28 10:16:26
sales_invoices,2024-05-28 12:04:53
customers,2024-05-28 11:34:23
2,2022-10-19 13:47:03
events,2024-05-26 17:05:46
email_messages,2024-05-28 11:25:39
private_orders,2024-04-22 15:46:40
loyalty_receipts,2024-05-28 12:05:21
production_orders,2024-05-28 12:11:14
private_accounts,2024-05-27 15:16:38
vendors,2024-05-28 12:04:48
citerne,2024-04-03 09:59:14
touchpoints,2023-06-22 09:56:54
purchases_invoices,2024-05-28 11:27:36
ordres_fabrication,2024-05-28 12:00:02
orders,2024-05-28 12:10:34
loyalty_cards,2024-05-28 11:52:50
production_orders_instructions,2024-05-28 11:34:28
posm_orders_trackings,2024-05-28 12:04:53
attributions_mec,2024-05-28 10:40:16
prices_zcond_a04,2024-05-27 17:02:12
quality_inspection_lots,2024-05-28 12:04:47
loyalty_customers,2024-05-28 11:52:48
avancements_pec,2024-05-28 12:09:15
Tiers,2024-05-28 11:54:42
sales_deliveries,2024-05-28 12:11:52
global_trade_item_numbers,2024-05-27 23:30:12
projects,2024-05-28 09:10:01
order,2022-07-14 12:49:40
loyalty_containers,2023-11-08 09:19:33
loyalty_run_promos,2024-04-04 03:01:48
